"report_date","source_file","center_hz","modulation_type","modulation_rate_hz","modulation_param","link_type","source_vpp_v","source_dc_v","lo_offset_hz","depth_pm","spectrum_type","harmonic_index","target_freq_hz","measured_freq_hz","measured_bin","magnitude","rel_to_fund_dBc","search_window_hz","search_mode","notes"
"2026-05-20","serial_export_20260520_160813.txt","120000000","CW","","","wired","1.5","0","5000","38","IQ","1","5000","5000","10","27990228","0","500","window-peak(+-500Hz)","signal_source=1.5Vpp,dc=0V,carrier=120MHz,CW"
"2026-05-20","serial_export_20260520_160813.txt","120000000","CW","","","wired","1.5","0","5000","38","IQ","2","10000","10000","20","469790","-35.5","500","window-peak(+-500Hz)","signal_source=1.5Vpp,dc=0V,carrier=120MHz,CW"
"2026-05-20","serial_export_20260520_160813.txt","120000000","CW","","","wired","1.5","0","5000","38","IQ","3","15000","15000","30","215800","-42.26","500","window-peak(+-500Hz)","signal_source=1.5Vpp,dc=0V,carrier=120MHz,CW"
"2026-05-20","serial_export_20260520_160813.txt","120000000","CW","","","wired","1.5","0","5000","38","IQ","4","20000","19500","39","65762","-52.58","500","window-peak(+-500Hz)","signal_source=1.5Vpp,dc=0V,carrier=120MHz,CW"
"2026-05-20","serial_export_20260520_160813.txt","120000000","CW","","","wired","1.5","0","5000","38","IQ","5","25000","25500","51","53064","-54.44","500","window-peak(+-500Hz)","signal_source=1.5Vpp,dc=0V,carrier=120MHz,CW"
"2026-05-20","serial_export_20260520_160813.txt","120000000","CW","","","wired","1.5","0","5000","38","IQ","6","30000","30000","60","46525","-55.59","500","window-peak(+-500Hz)","signal_source=1.5Vpp,dc=0V,carrier=120MHz,CW"
"2026-05-20","serial_export_20260520_160813.txt","120000000","CW","","","wired","1.5","0","5000","38","IQ","7","35000","34500","69","40959","-56.69","500","window-peak(+-500Hz)","signal_source=1.5Vpp,dc=0V,carrier=120MHz,CW"
"2026-05-20","serial_export_20260520_160813.txt","120000000","CW","","","wired","1.5","0","5000","38","IQ","8","40000","40000","80","32429","-58.72","500","window-peak(+-500Hz)","signal_source=1.5Vpp,dc=0V,carrier=120MHz,CW"
"2026-05-20","serial_export_20260520_160813.txt","120000000","CW","","","wired","1.5","0","5000","38","IQ","9","45000","45500","91","28417","-59.87","500","window-peak(+-500Hz)","signal_source=1.5Vpp,dc=0V,carrier=120MHz,CW"
"2026-05-20","serial_export_20260520_160813.txt","120000000","CW","","","wired","1.5","0","5000","38","IQ","10","50000","49500","99","28350","-59.89","500","window-peak(+-500Hz)","signal_source=1.5Vpp,dc=0V,carrier=120MHz,CW"
"2026-05-20","serial_export_20260520_160813.txt","120000000","CW","","","wired","1.5","0","5000","38","IQ","11","55000","55000","110","23108","-61.66","500","window-peak(+-500Hz)","signal_source=1.5Vpp,dc=0V,carrier=120MHz,CW"
"2026-05-20","serial_export_20260520_160813.txt","120000000","CW","","","wired","1.5","0","5000","38","IQ","12","60000","60500","121","20296","-62.79","500","window-peak(+-500Hz)","signal_source=1.5Vpp,dc=0V,carrier=120MHz,CW"
"2026-05-20","serial_export_20260520_160643.txt","120000000","CW","","","wired","1.5","0","7000","36","IQ","1","7000","7000","14","28003114","0","500","window-peak(+-500Hz)","signal_source=1.5Vpp,dc=0V,carrier=120MHz,CW"
"2026-05-20","serial_export_20260520_160643.txt","120000000","CW","","","wired","1.5","0","7000","36","IQ","2","14000","14000","28","410021","-36.69","500","window-peak(+-500Hz)","signal_source=1.5Vpp,dc=0V,carrier=120MHz,CW"
"2026-05-20","serial_export_20260520_160643.txt","120000000","CW","","","wired","1.5","0","7000","36","IQ","3","21000","21000","42","198654","-42.98","500","window-peak(+-500Hz)","signal_source=1.5Vpp,dc=0V,carrier=120MHz,CW"
"2026-05-20","serial_export_20260520_160643.txt","120000000","CW","","","wired","1.5","0","7000","36","IQ","4","28000","28500","57","50718","-54.84","500","window-peak(+-500Hz)","signal_source=1.5Vpp,dc=0V,carrier=120MHz,CW"
"2026-05-20","serial_export_20260520_160643.txt","120000000","CW","","","wired","1.5","0","7000","36","IQ","5","35000","35000","70","52774","-54.5","500","window-peak(+-500Hz)","signal_source=1.5Vpp,dc=0V,carrier=120MHz,CW"
"2026-05-20","serial_export_20260520_160643.txt","120000000","CW","","","wired","1.5","0","7000","36","IQ","6","42000","42000","84","37779","-57.4","500","window-peak(+-500Hz)","signal_source=1.5Vpp,dc=0V,carrier=120MHz,CW"
"2026-05-20","serial_export_20260520_160643.txt","120000000","CW","","","wired","1.5","0","7000","36","IQ","7","49000","48500","97","26534","-60.47","500","window-peak(+-500Hz)","signal_source=1.5Vpp,dc=0V,carrier=120MHz,CW"
"2026-05-20","serial_export_20260520_160643.txt","120000000","CW","","","wired","1.5","0","7000","36","IQ","8","56000","55500","111","20332","-62.78","500","window-peak(+-500Hz)","signal_source=1.5Vpp,dc=0V,carrier=120MHz,CW"
"2026-05-20","serial_export_20260520_160643.txt","120000000","CW","","","wired","1.5","0","7000","36","IQ","9","63000","62500","125","22298","-61.98","500","window-peak(+-500Hz)","signal_source=1.5Vpp,dc=0V,carrier=120MHz,CW"
"2026-05-20","serial_export_20260520_160643.txt","120000000","CW","","","wired","1.5","0","7000","36","IQ","10","70000","70500","141","19967","-62.94","500","window-peak(+-500Hz)","signal_source=1.5Vpp,dc=0V,carrier=120MHz,CW"
"2026-05-20","serial_export_20260520_160643.txt","120000000","CW","","","wired","1.5","0","7000","36","IQ","11","77000","77000","154","17829","-63.92","500","window-peak(+-500Hz)","signal_source=1.5Vpp,dc=0V,carrier=120MHz,CW"
"2026-05-20","serial_export_20260520_160643.txt","120000000","CW","","","wired","1.5","0","7000","36","IQ","12","84000","84500","169","17905","-63.88","500","window-peak(+-500Hz)","signal_source=1.5Vpp,dc=0V,carrier=120MHz,CW"
"2026-05-20","serial_export_20260520_160933.txt","120000000","CW","","","wired","1.5","0","10000","36","IQ","1","10000","10000","20","27992208","0","500","window-peak(+-500Hz)","signal_source=1.5Vpp,dc=0V,carrier=120MHz,CW"
"2026-05-20","serial_export_20260520_160933.txt","120000000","CW","","","wired","1.5","0","10000","36","IQ","2","20000","20000","40","451701","-35.84","500","window-peak(+-500Hz)","signal_source=1.5Vpp,dc=0V,carrier=120MHz,CW"
"2026-05-20","serial_export_20260520_160933.txt","120000000","CW","","","wired","1.5","0","10000","36","IQ","3","30000","30000","60","90184","-49.84","500","window-peak(+-500Hz)","signal_source=1.5Vpp,dc=0V,carrier=120MHz,CW"
"2026-05-20","serial_export_20260520_160933.txt","120000000","CW","","","wired","1.5","0","10000","36","IQ","4","40000","39500","79","40452","-56.8","500","window-peak(+-500Hz)","signal_source=1.5Vpp,dc=0V,carrier=120MHz,CW"
"2026-05-20","serial_export_20260520_160933.txt","120000000","CW","","","wired","1.5","0","10000","36","IQ","5","50000","50000","100","33818","-58.36","500","window-peak(+-500Hz)","signal_source=1.5Vpp,dc=0V,carrier=120MHz,CW"
"2026-05-20","serial_export_20260520_160933.txt","120000000","CW","","","wired","1.5","0","10000","36","IQ","6","60000","59500","119","30440","-59.27","500","window-peak(+-500Hz)","signal_source=1.5Vpp,dc=0V,carrier=120MHz,CW"
"2026-05-20","serial_export_20260520_160933.txt","120000000","CW","","","wired","1.5","0","10000","36","IQ","7","70000","69500","139","24720","-61.08","500","window-peak(+-500Hz)","signal_source=1.5Vpp,dc=0V,carrier=120MHz,CW"
"2026-05-20","serial_export_20260520_160933.txt","120000000","CW","","","wired","1.5","0","10000","36","IQ","8","80000","79500","159","18652","-63.53","500","window-peak(+-500Hz)","signal_source=1.5Vpp,dc=0V,carrier=120MHz,CW"
"2026-05-20","serial_export_20260520_160933.txt","120000000","CW","","","wired","1.5","0","10000","36","IQ","9","90000","90000","180","16574","-64.55","500","window-peak(+-500Hz)","signal_source=1.5Vpp,dc=0V,carrier=120MHz,CW"
"2026-05-20","serial_export_20260520_160933.txt","120000000","CW","","","wired","1.5","0","10000","36","IQ","10","100000","100500","201","17007","-64.33","500","window-peak(+-500Hz)","signal_source=1.5Vpp,dc=0V,carrier=120MHz,CW"
"2026-05-20","serial_export_20260520_160933.txt","120000000","CW","","","wired","1.5","0","10000","36","IQ","11","110000","110000","220","16049","-64.83","500","window-peak(+-500Hz)","signal_source=1.5Vpp,dc=0V,carrier=120MHz,CW"
"2026-05-20","serial_export_20260520_160933.txt","120000000","CW","","","wired","1.5","0","10000","36","IQ","12","120000","120000","240","15110","-65.36","500","window-peak(+-500Hz)","signal_source=1.5Vpp,dc=0V,carrier=120MHz,CW"
"","","","AM/ASK/FSK/PSK","","","","","","","","IQ/ENV/PHASE","","","","","","","","","template row 1"
"","","","AM/ASK/FSK/PSK","","","","","","","","IQ/ENV/PHASE","","","","","","","","","template row 2"
"","","","AM/ASK/FSK/PSK","","","","","","","","IQ/ENV/PHASE","","","","","","","","","template row 3"
